#{"t_start": 1641139395.64943, "env_id": "BreakoutNoFrameskip-v4"}
r,l,t
0.0,129,8.34861
4.0,300,11.358356
1.0,175,13.161119
0.0,129,14.45526
1.0,175,16.372724
2.0,199,18.78694
0.0,127,20.224715
1.0,158,22.08106
0.0,127,23.587969
1.0,153,25.349115
1.0,156,27.116523
0.0,129,28.593191
3.0,250,31.53975
4.0,320,35.347118
