#{"t_start": 1641139395.6550708, "env_id": "BreakoutNoFrameskip-v4"}
r,l,t
4.0,300,10.154668
1.0,157,11.642362
0.0,125,12.869746
0.0,125,14.131317
0.0,127,15.438753
8.0,353,19.781173
0.0,129,21.265712
0.0,129,22.772942
5.0,353,27.080264
1.0,155,28.91754
10.0,429,34.059815
1.0,157,35.89376
