#{"t_start": 1641139395.6654575, "env_id": "BreakoutNoFrameskip-v4"}
r,l,t
1.0,173,8.765322
2.0,224,10.970733
1.0,173,12.716877
0.0,127,13.992713
3.0,248,16.860618
3.0,251,19.904561
0.0,129,21.378133
2.0,201,23.821495
1.0,172,25.820872
0.0,129,27.274451
0.0,129,28.745368
1.0,157,30.542806
2.0,187,32.677208
1.0,175,34.696285
0.0,129,36.188785
