#{"t_start": 1641139395.67079, "env_id": "BreakoutNoFrameskip-v4"}
r,l,t
1.0,175,8.80873
2.0,202,10.759141
0.0,129,12.003616
1.0,155,13.600359
2.0,201,15.79271
0.0,129,17.286515
0.0,127,18.716832
0.0,129,20.176381
0.0,125,21.617947
0.0,125,23.079603
3.0,216,25.65466
4.0,307,29.39241
4.0,301,32.939419
1.0,157,34.740324
0.0,125,36.157903
