#{"t_start": 1641139395.6502082, "env_id": "BreakoutNoFrameskip-v4"}
r,l,t
1.0,177,8.858887
2.0,200,10.778921
2.0,222,13.08363
2.0,222,15.471956
2.0,227,18.189572
3.0,271,21.494717
0.0,125,22.943008
3.0,253,26.004417
0.0,129,27.474066
0.0,129,28.958443
0.0,127,30.333037
0.0,127,31.771679
0.0,129,33.187315
0.0,129,34.61394
0.0,127,36.054315
