#{"t_start": 1641139395.650349, "env_id": "BreakoutNoFrameskip-v4"}
r,l,t
2.0,186,8.957409
1.0,155,10.412636
1.0,152,11.881576
5.0,350,15.740085
0.0,129,17.232587
3.0,248,20.227059
0.0,127,21.684264
2.0,200,24.144501
0.0,127,25.535773
2.0,202,27.932759
1.0,157,29.727111
2.0,204,32.108594
4.0,285,35.461225
