#{"t_start": 1641139395.6531515, "env_id": "BreakoutNoFrameskip-v4"}
r,l,t
9.0,383,10.983972
2.0,200,13.038648
5.0,310,16.541834
1.0,153,18.343725
0.0,129,19.820704
0.0,127,21.270416
2.0,186,23.534202
0.0,125,24.968151
1.0,175,26.965723
3.0,272,30.217807
3.0,246,33.124842
2.0,205,35.538486
