#{"t_start": 1641139395.6551633, "env_id": "BreakoutNoFrameskip-v4"}
r,l,t
2.0,218,9.290802
0.0,127,10.455833
2.0,186,12.295969
0.0,127,13.576633
3.0,270,16.652706
0.0,127,18.090076
2.0,201,20.485659
0.0,125,21.930415
0.0,129,23.436278
0.0,125,24.867408
1.0,173,26.843571
5.0,331,30.883399
1.0,174,32.848078
2.0,224,35.487221
