#{"t_start": 1641139395.648697, "env_id": "BreakoutNoFrameskip-v4"}
r,l,t
1.0,173,8.780916
0.0,125,10.000324
1.0,174,11.672611
0.0,129,12.928735
0.0,125,14.210546
4.0,259,17.208335
0.0,127,18.651965
2.0,207,21.110264
0.0,127,22.59922
0.0,127,24.10403
4.0,323,28.008149
4.0,299,31.581743
2.0,199,33.868376
