#{"t_start": 1641139395.6512005, "env_id": "BreakoutNoFrameskip-v4"}
r,l,t
1.0,173,8.778426
3.0,227,11.029364
0.0,127,12.243395
8.0,354,16.198798
1.0,173,18.262169
2.0,200,20.647642
0.0,129,22.147604
1.0,153,23.975791
1.0,175,26.000872
0.0,127,27.437657
0.0,129,28.92098
1.0,155,30.675421
0.0,129,32.105227
0.0,129,33.51722
1.0,173,35.536811
