#{"t_start": 1641139395.6395786, "env_id": "BreakoutNoFrameskip-v4"}
r,l,t
0.0,129,8.35851
3.0,230,10.607205
0.0,127,11.820293
0.0,127,13.093901
1.0,176,14.951308
1.0,173,16.937097
1.0,171,18.951515
5.0,352,23.317707
2.0,220,25.932503
0.0,129,27.387363
0.0,129,28.860486
0.0,127,30.267082
1.0,174,32.277935
1.0,174,34.247533
0.0,129,35.72817
