#{"t_start": 1641139395.6704323, "env_id": "BreakoutNoFrameskip-v4"}
r,l,t
2.0,205,9.150873
2.0,222,11.298097
1.0,173,13.089655
2.0,202,15.217892
0.0,129,16.689048
1.0,178,18.800847
2.0,206,21.22386
0.0,127,22.704072
4.0,299,26.363045
1.0,155,28.155424
1.0,175,30.158115
0.0,125,31.582964
3.0,251,34.508067
