#{"t_start": 1641139395.6730304, "env_id": "BreakoutNoFrameskip-v4"}
r,l,t
2.0,203,9.10837
2.0,203,11.074722
2.0,222,13.40131
2.0,202,15.562999
1.0,173,17.605503
1.0,173,19.633096
0.0,129,21.086099
1.0,157,22.977096
3.0,252,26.02709
2.0,199,28.37466
10.0,453,33.843681
