#{"t_start": 1641139395.6512005, "env_id": "BreakoutNoFrameskip-v4"}
r,l,t
0.0,125,8.287581
0.0,127,9.516093
2.0,202,11.467676
0.0,127,12.691556
1.0,155,14.321811
2.0,200,16.566188
3.0,250,19.591752
0.0,127,21.015983
3.0,249,24.183057
1.0,171,26.122854
0.0,129,27.581928
0.0,125,29.019025
0.0,127,30.395849
0.0,127,31.822723
2.0,218,34.336232
1.0,173,36.377501
