#{"t_start": 1641139395.6598608, "env_id": "BreakoutNoFrameskip-v4"}
r,l,t
0.0,127,8.311548
0.0,127,9.540904
0.0,129,10.691906
1.0,157,12.214816
1.0,178,14.08154
1.0,177,16.030479
3.0,274,19.384994
3.0,251,22.434556
0.0,129,23.936947
9.0,401,28.864775
5.0,348,33.018978
1.0,173,34.994919
