#{"t_start": 1641139395.659771, "env_id": "BreakoutNoFrameskip-v4"}
r,l,t
1.0,156,8.617687
0.0,129,9.863827
1.0,155,11.284346
0.0,127,12.543659
2.0,198,14.658745
3.0,250,17.584581
0.0,127,19.054744
0.0,129,20.502748
0.0,127,21.974191
0.0,127,23.455352
0.0,127,24.91239
1.0,175,26.909057
0.0,125,28.338527
0.0,129,29.800661
0.0,127,31.194442
2.0,200,33.511678
1.0,172,35.504595
